{
    "bindings": [
        {
            "font": "{a389d346-973b-4955-813a-762e67d581a3}",
            "language": "{ff9b20c8-70f4-460d-b481-5c54ee1acb1a}",
            "string": "{89820e5d-a984-4218-95aa-0c5f490f7b18}"
        }
    ],
    "defaultLanguage": "{ff9b20c8-70f4-460d-b481-5c54ee1acb1a}",
    "encoding": "ASCII",
    "languages": [
        {
            "properties": {
                "__categories": [
                ],
                "__groups": [
                ],
                "enabled": {
                    "enabled": true,
                    "type": "boolean",
                    "value": true,
                    "visible": true
                },
                "id": {
                    "enabled": true,
                    "type": "uuid",
                    "value": "{ff9b20c8-70f4-460d-b481-5c54ee1acb1a}",
                    "visible": true
                },
                "name": {
                    "enabled": true,
                    "type": "text",
                    "value": "Default",
                    "visible": true
                }
            }
        }
    ],
    "paths": [
    ],
    "strings": [
        {
            "properties": {
                "__categories": [
                ],
                "__groups": [
                ],
                "description": {
                    "enabled": true,
                    "type": "text",
                    "value": "",
                    "visible": true
                },
                "id": {
                    "enabled": true,
                    "type": "uuid",
                    "value": "{89820e5d-a984-4218-95aa-0c5f490f7b18}",
                    "visible": true
                },
                "name": {
                    "enabled": true,
                    "type": "text",
                    "value": "String",
                    "visible": true
                },
                "path": {
                    "enabled": true,
                    "type": "text",
                    "value": "/",
                    "visible": true
                }
            },
            "values": [
                {
                    "language": "{ff9b20c8-70f4-460d-b481-5c54ee1acb1a}",
                    "value": "Some Text"
                }
            ]
        }
    ]
}
