{
    "properties": {
        "__categories": [
            {
                "expanded": true,
                "id": "fontInfo",
                "visible": true
            },
            {
                "expanded": true,
                "id": "name",
                "visible": true
            }
        ],
        "__groups": [
        ],
        "antialias": {
            "enabled": true,
            "type": "boolean",
            "value": true,
            "visible": true
        },
        "dataMemoryLocation": {
            "enabled": false,
            "type": "memorylocation",
            "value": "{f81a0d98-0129-44b6-a0a5-8def2a36ce63}",
            "visible": true
        },
        "dataSize": {
            "enabled": true,
            "type": "integer",
            "value": 0,
            "visible": false
        },
        "glyphCount": {
            "enabled": false,
            "type": "integer",
            "value": 95,
            "visible": true
        },
        "glyphDataSize": {
            "enabled": false,
            "type": "integer",
            "value": 29656,
            "visible": true
        },
        "glyphMemoryLocation": {
            "enabled": true,
            "type": "memorylocation",
            "value": "{f81a0d98-0129-44b6-a0a5-8def2a36ce63}",
            "visible": true
        },
        "height": {
            "enabled": true,
            "type": "integer",
            "value": 19,
            "visible": false
        },
        "id": {
            "enabled": true,
            "type": "uuid",
            "value": "{a389d346-973b-4955-813a-762e67d581a3}",
            "visible": true
        },
        "kerningDataSize": {
            "enabled": false,
            "type": "integer",
            "value": 1904,
            "visible": true
        },
        "maxBaseline": {
            "enabled": true,
            "type": "integer",
            "value": 29,
            "visible": false
        },
        "maxHeight": {
            "enabled": true,
            "type": "integer",
            "value": 37,
            "visible": false
        },
        "name": {
            "enabled": true,
            "type": "text",
            "value": "",
            "visible": true
        },
        "outputName": {
            "enabled": true,
            "type": "text",
            "value": "DIN2014Light36",
            "visible": true
        },
        "pointSize": {
            "enabled": true,
            "type": "integer",
            "value": 36,
            "visible": true
        },
        "sourceName": {
            "enabled": false,
            "type": "text",
            "value": "DIN2014-Light.ttf",
            "visible": true
        }
    }
}
